Item Name,Count,Stream,Material,Resin Code,EPR Category,SUP Violation,SUP Reason,Brand,Parent Company,Condition,Confidence,Box_YMin,Box_XMin,Box_YMax,Box_XMax
"Embankment of excavated soil, silt and C&D rubble",1,CND,concrete and mineral soil,NON_PLASTIC,NOT_APPLICABLE,False,,unidentified,,buried_partial,0.95,150,0,420,370
Weathered multilayer plastic sachets and torn films on embankment,1,DRY_RECYCLABLE,MLP,7_OTHER_MLP,CATEGORY_III_MULTILAYER,False,,unidentified,,buried_partial,0.92,220,50,440,380
Dispersed roadside litter scatter of plastic wrappers and packaging films,1,DRY_RECYCLABLE,LDPE,4_LDPE,CATEGORY_II_FLEXIBLE,True,Single-use plastic packaging films and unbranded carry bag fragments,unidentified,,torn,0.9,380,500,560,850
Blue and turquoise flexible plastic carry bag fragments,1,DRY_RECYCLABLE,LDPE,4_LDPE,CATEGORY_II_FLEXIBLE,True,Single-use thin plastic film under 120 microns without EPR markings,unidentified,,crumpled,0.93,435,730,520,835
Heavy green tarpaulin / woven plastic sack fragment,1,DRY_RECYCLABLE,HDPE woven,2_HDPE,CATEGORY_II_FLEXIBLE,False,,unidentified,,clean,0.96,565,920,628,995
Yellow crumpled thin plastic carry bag,1,DRY_RECYCLABLE,LDPE,4_LDPE,CATEGORY_II_FLEXIBLE,True,Prohibited single-use plastic carry bag under 120 microns,unidentified,,crumpled,0.97,590,50,695,145
White printed plastic grocery / milk delivery pouch with red and blue lettering,1,DRY_RECYCLABLE,LDPE,4_LDPE,CATEGORY_II_FLEXIBLE,False,,unidentified,,crumpled,0.91,700,195,825,335
Crushed metallized flexible snack pouches and laminate packaging,1,DRY_RECYCLABLE,MLP,7_OTHER_MLP,CATEGORY_III_MULTILAYER,False,,unidentified,,crumpled,0.92,790,175,940,285
Translucent single-use plastic carry bag,1,DRY_RECYCLABLE,LDPE,4_LDPE,CATEGORY_II_FLEXIBLE,True,Prohibited single-use polythene carry bag under 120 microns,unidentified,,crumpled,0.94,800,100,925,185
Clear disposable thermoformed plastic drinking cup fragments,1,DRY_RECYCLABLE,PP,5_PP,CATEGORY_I_RIGID,True,MoEFCC PWMR ban on single-use plastic disposable beverage cups,unidentified,,torn,0.93,630,235,725,310
Orange and yellow metallized namkeen snack food sachet,1,DRY_RECYCLABLE,MLP,7_OTHER_MLP,CATEGORY_III_MULTILAYER,False,,unidentified,,crumpled,0.92,595,455,665,528
Printed metallized Kurkure style savory snack pouch with green graphics,1,DRY_RECYCLABLE,MLP,7_OTHER_MLP,CATEGORY_III_MULTILAYER,False,,unidentified,,crumpled,0.9,625,615,725,690
Bright orange rigid plastic container sweet tray,1,DRY_RECYCLABLE,PP,5_PP,CATEGORY_I_RIGID,False,,unidentified,,clean,0.96,715,515,805,595
Black opaque polythene refuse plastic carry bag,1,DRY_RECYCLABLE,LDPE,4_LDPE,CATEGORY_II_FLEXIBLE,True,Prohibited unbranded single-use plastic carry bag,unidentified,,crumpled,0.95,705,475,825,550
White expanded polystyrene (thermocol) disposable bowl,1,DRY_RECYCLABLE,PS / Thermocol,6_PS,CATEGORY_I_RIGID,True,Banned single-use expanded polystyrene (thermocol) food service ware,unidentified,,torn,0.94,640,510,715,595
Dried coconut shells and sacred floral ritual offerings,2,WET,organic lignocellulose,NON_PLASTIC,NOT_APPLICABLE,False,,unidentified,,clean,0.97,770,595,855,690
White partitioned polystyrene meal thali plate with food remnants,1,DRY_RECYCLABLE,PS / Thermocol,6_PS,CATEGORY_I_RIGID,True,Prohibited single-use plastic/thermocol partitioned food serving plate,unidentified,,crumpled,0.98,805,675,925,785
White disposable round food plate soiled with cooked yellow curry and dal,1,DRY_RECYCLABLE,PS / Thermocol,6_PS,CATEGORY_I_RIGID,True,Prohibited single-use plastic disposable meal plate,unidentified,,clean,0.98,705,845,788,945
"Discarded cooked food waste, rice and vegetable curry banquet leftovers",1,WET,biodegradable organic food waste,NON_PLASTIC,NOT_APPLICABLE,False,,unidentified,,buried_partial,0.96,610,770,785,935
Red printed leaflet with white hammer and sickle emblem,1,DRY_RECYCLABLE,paper,NON_PLASTIC,NOT_APPLICABLE,False,,unidentified,,clean,0.95,870,665,998,762
Yellow and white printed instant noodle / snack wrapper,1,DRY_RECYCLABLE,MLP,7_OTHER_MLP,CATEGORY_III_MULTILAYER,False,,unidentified,,crumpled,0.91,750,775,860,845
White crumpled high-density polyethylene retail carry bag,1,DRY_RECYCLABLE,HDPE,2_HDPE,CATEGORY_II_FLEXIBLE,True,Prohibited thin unbranded plastic carry bag under 120 microns,unidentified,,crumpled,0.93,775,335,918,435
