item_id,item_name,count,stream,material,resin_code,sup_violation,brand,condition,bounding_box
,Overfilled Municipal Secondary Green Steel Dumper Placer Bin (Left),1,DRY_RECYCLABLE,Corrugated sheet metal / mild steel,NON_PLASTIC,False,unidentified,crumpled,"[242, 33, 680, 375]"
,Adjacent Municipal Secondary Steel Dumper Placer Bin (Right),1,DRY_RECYCLABLE,Corrugated sheet metal / mild steel,NON_PLASTIC,False,unidentified,crumpled,"[228, 287, 502, 489]"
,Yellow Woven Polypropylene Cement / Grain Sacks,2,DRY_RECYCLABLE,Woven Polypropylene (PP) / HDPE fabric,5_PP,False,unidentified,torn,"[672, 792, 868, 947]"
,Heavy Black High-Density Garbage / Refuse Bags,3,DRY_RECYCLABLE,Low-Density Polyethylene (LDPE),4_LDPE,False,unidentified,torn,"[788, 133, 948, 237]"
,Bright Blue LDPE / HDPE Discarded Plastic Carry Bag,1,DRY_RECYCLABLE,Low-Density Polyethylene (LDPE),4_LDPE,True,unidentified,crumpled,"[835, 323, 988, 417]"
,Printed Commercial Polybag / Milk Pouch Film Sachet,1,DRY_RECYCLABLE,Co-extruded Multi-layer Polyethylene (LDPE),4_LDPE,False,unidentified,crumpled,"[755, 628, 865, 715]"
,Bright Orange LDPE Plastic Packaging Pouch / Film,1,DRY_RECYCLABLE,Low-Density Polyethylene (LDPE),4_LDPE,True,unidentified,crumpled,"[648, 380, 722, 492]"
,Red and White Hazard / Barricade Warning Tape Strip,1,DRY_RECYCLABLE,Polyethylene (PE) non-adhesive barrier film,4_LDPE,False,unidentified,torn,"[425, 874, 995, 966]"
,Long White PVC / UPVC Electrical Conduit Pipes,3,CND,Polyvinyl Chloride (PVC),3_PVC,False,unidentified,clean,"[740, 24, 1000, 155]"
,Pre-cast Concrete Manhole Cover / Circular Inspection Slab,1,CND,Reinforced Cement Concrete (RCC),NON_PLASTIC,False,unidentified,crumpled,"[568, 829, 680, 966]"
,"Large Garden Biomass, Dry Branches & Tree Pruning Heap",1,WET,Lignocellulosic tree trimmings and foliage biomass,NON_PLASTIC,False,unidentified,clean,"[342, 692, 532, 988]"
,Scattered Food Remains & Decomposing Organic Waste,1,WET,Mixed biodegradable domestic food & vegetable waste,NON_PLASTIC,False,unidentified,buried_partial,"[530, 470, 772, 664]"
,Stray Canine Scavenging on Organic Waste,1,GENERIC_RESIDUAL,Biological / Vector risk indicator (Canis lupus familiaris),NON_PLASTIC,False,unidentified,clean,"[550, 513, 712, 563]"
,"Roadside C&D Rubble, Brick Fragments and Excavated Silt",1,CND,"Burnt clay brick, concrete chunks, soil, masonry debris",NON_PLASTIC,False,unidentified,buried_partial,"[582, 638, 772, 856]"
,Mid-Ground Blue LDPE Carry Bag Litter,2,DRY_RECYCLABLE,Low-Density Polyethylene (LDPE),4_LDPE,True,unidentified,crumpled,"[390, 668, 472, 718]"
,Crimson Red / Pink Thin Plastic Carry Bags,2,DRY_RECYCLABLE,High-Density / Low-Density Polyethylene (HDPE/LDPE),4_LDPE,True,unidentified,crumpled,"[435, 584, 502, 642]"
,Discarded Corrugated Cardboard Carton Scrap,2,DRY_RECYCLABLE,Kraft corrugated paperboard,NON_PLASTIC,False,unidentified,crumpled,"[875, 519, 972, 626]"
,Mixed Metallized Snack / Biscuit Pouches (MLP Scatter),12,DRY_RECYCLABLE,Multi-layer plastic metallized laminate (MLP),7_OTHER_MLP,False,unidentified,crumpled,"[488, 362, 700, 520]"
,Discarded Soiled Domestic Rags and Garments,3,GENERIC_RESIDUAL,Mixed synthetic and cotton post-consumer textiles,NON_PLASTIC,False,unidentified,buried_partial,"[750, 228, 848, 303]"
,Clear Expanded Polystyrene (Thermocol) Cup & Tray Debris,4,DRY_RECYCLABLE,Expanded Polystyrene (EPS / Thermocol),6_PS,True,unidentified,torn,"[510, 705, 580, 786]"
,Dispersed Household Single-Use Thin Translucent Carry Bags,15,DRY_RECYCLABLE,Virgin/Recycled Low-Density Polyethylene (LDPE),4_LDPE,True,unidentified,crumpled,"[665, 142, 830, 372]"
,Secondary Waste Litter Scatter at Bin Base,1,GENERIC_RESIDUAL,"Mixed heavily contaminated street sweepings, silt and plastic fragments",NON_PLASTIC,False,unidentified,buried_partial,"[570, 72, 698, 360]"
,Crushed Clear PET Beverage Bottles,3,DRY_RECYCLABLE,Polyethylene Terephthalate (PET),1_PET,False,unidentified,crumpled,"[840, 858, 895, 930]"
,Post-Consumer Sanitary / Diaper Waste Bundles,2,SANITARY,"Cellulose fluff, superabsorbent polymer, polyolefin film",NON_PLASTIC,False,unidentified,buried_partial,"[725, 370, 818, 458]"
